﻿<?xml version="1.0" encoding="utf-8"?>
<helpItems schema="maml" xmlns="http://msh">
  <!-- Cmdlet: Compare-NAVAppApplicationObjectLanguage -->
  <command:command xmlns:maml="http://schemas.microsoft.com/maml/2004/10" xmlns:command="http://schemas.microsoft.com/maml/dev/command/2004/10" xmlns:dev="http://schemas.microsoft.com/maml/dev/2004/10">
    <command:details>
      <command:name>Compare-NAVAppApplicationObjectLanguage</command:name>
      <command:verb>Compare</command:verb>
      <command:noun>NAVAppApplicationObjectLanguage</command:noun>
      <maml:description>
        <maml:para>Compares the language text files in two folders (original and modified) and calculates the deltas. The result of the comparison is a language text file per object with the calculated delta.</maml:para>
      </maml:description>
    </command:details>
    <maml:description>
      <maml:para>Use the Compare-NAVAppApplicationObjectLanguage cmdlet to calculate the delta between an original version and modified version of language text files. The resulting delta language text files can then be included in a NAV App package by using the New-NAVAppPackage cmdlet.</maml:para>
      <maml:para>The Compare-NAVAppApplicationObjectLanguage cmdlet compares all of the language text files in the two specified folders and creates a delta language text file per object that includes the differences. The language text files to compare must be in the format of exported multilanguage files created by using the Export-NAVApplicationObjectLanguage cmdlet or the Development Environment. You can compare two language text files that contain multiple application objects or multiple language text files containing a single object, or any combination therein. The cmdlet will compare the translations for all objects across all of the language text files in the specified folders.</maml:para>
      <maml:para>The cmdlet creates a language text file per object that includes all of the translated \*ML properties and text constants (deltas) for that object. For example, you export the text strings for the Business Central objects that you will be providing translations for to text files in a MLORIGINAL folder. You then put a copy of the exported text file into a MLMODIFIED folder and add your translated strings directly to the file.</maml:para>
      <maml:para>You then use the Compare-NAVAppApplicationObjectLanguage cmdlet to compare the language text files in the MLORIGINAL and MLMODIFIED folders, saving the resulting delta language text files to a MLDELTA folder. Then when using the New-NAVAppPackage cmdlet to create the NAV App package, the MLDELTA folder is provided for the -SourcePath parameter.</maml:para>
    </maml:description>
    <command:syntax>
      <!-- Parameter set: __AllParameterSets -->
      <command:syntaxItem>
        <maml:name>Compare-NAVAppApplicationObjectLanguage</maml:name>
        <!-- Parameter: OriginalPath -->
        <command:parameter required="true" globbing="false" pipelineInput="false" position="1" aliases="Original">
          <maml:name>OriginalPath</maml:name>
          <maml:description>
            <maml:para>Specifies the folder containing the original language files to compare.</maml:para>
          </maml:description>
          <command:parameterValue required="true">string[]</command:parameterValue>
          <dev:type>
            <maml:name>System.String[]</maml:name>
            <maml:uri />
          </dev:type>
        </command:parameter>
        <!-- Parameter: ModifiedPath -->
        <command:parameter required="true" globbing="false" pipelineInput="false" position="2" aliases="Modified">
          <maml:name>ModifiedPath</maml:name>
          <maml:description>
            <maml:para>Specifies the folder containing the modified language files to compare.</maml:para>
          </maml:description>
          <command:parameterValue required="true">string[]</command:parameterValue>
          <dev:type>
            <maml:name>System.String[]</maml:name>
            <maml:uri />
          </dev:type>
        </command:parameter>
        <!-- Parameter: DeltaPath -->
        <command:parameter required="true" globbing="false" pipelineInput="false" position="3" aliases="Delta">
          <maml:name>DeltaPath</maml:name>
          <maml:description>
            <maml:para>Specifies the folder where the calculated delta language files will be placed.</maml:para>
          </maml:description>
          <command:parameterValue required="true">string</command:parameterValue>
          <dev:type>
            <maml:name>System.String</maml:name>
            <maml:uri />
          </dev:type>
        </command:parameter>
        <!-- Parameter: Force -->
        <command:parameter required="false" globbing="false" pipelineInput="false" position="named">
          <maml:name>Force</maml:name>
          <maml:description>
            <maml:para>Forces the command to run without asking for user confirmation to overwrite an existing file at the given path.</maml:para>
          </maml:description>
          <command:parameterValue required="true">SwitchParameter</command:parameterValue>
          <dev:type>
            <maml:name>System.Management.Automation.SwitchParameter</maml:name>
            <maml:uri />
          </dev:type>
          <dev:defaultValue>False</dev:defaultValue>
        </command:parameter>
      </command:syntaxItem>
    </command:syntax>
    <command:parameters>
      <!-- Parameter: OriginalPath -->
      <command:parameter required="true" globbing="false" pipelineInput="false" position="1" aliases="Original">
        <maml:name>OriginalPath</maml:name>
        <maml:description>
          <maml:para>Specifies the folder containing the original language files to compare.</maml:para>
        </maml:description>
        <command:parameterValue required="true">string[]</command:parameterValue>
        <dev:type>
          <maml:name>System.String[]</maml:name>
          <maml:uri />
        </dev:type>
      </command:parameter>
      <command:parameter required="true" globbing="false" pipelineInput="false" position="1" aliases="Original">
        <maml:name>Original</maml:name>
        <maml:description>
          <maml:para>Specifies the folder containing the original language files to compare.</maml:para>
          <maml:para>This is an alias of the OriginalPath parameter.</maml:para>
        </maml:description>
        <command:parameterValue required="true">string[]</command:parameterValue>
        <dev:type>
          <maml:name>System.String[]</maml:name>
          <maml:uri />
        </dev:type>
      </command:parameter>
      <!-- Parameter: ModifiedPath -->
      <command:parameter required="true" globbing="false" pipelineInput="false" position="2" aliases="Modified">
        <maml:name>ModifiedPath</maml:name>
        <maml:description>
          <maml:para>Specifies the folder containing the modified language files to compare.</maml:para>
        </maml:description>
        <command:parameterValue required="true">string[]</command:parameterValue>
        <dev:type>
          <maml:name>System.String[]</maml:name>
          <maml:uri />
        </dev:type>
      </command:parameter>
      <command:parameter required="true" globbing="false" pipelineInput="false" position="2" aliases="Modified">
        <maml:name>Modified</maml:name>
        <maml:description>
          <maml:para>Specifies the folder containing the modified language files to compare.</maml:para>
          <maml:para>This is an alias of the ModifiedPath parameter.</maml:para>
        </maml:description>
        <command:parameterValue required="true">string[]</command:parameterValue>
        <dev:type>
          <maml:name>System.String[]</maml:name>
          <maml:uri />
        </dev:type>
      </command:parameter>
      <!-- Parameter: DeltaPath -->
      <command:parameter required="true" globbing="false" pipelineInput="false" position="3" aliases="Delta">
        <maml:name>DeltaPath</maml:name>
        <maml:description>
          <maml:para>Specifies the folder where the calculated delta language files will be placed.</maml:para>
        </maml:description>
        <command:parameterValue required="true">string</command:parameterValue>
        <dev:type>
          <maml:name>System.String</maml:name>
          <maml:uri />
        </dev:type>
      </command:parameter>
      <command:parameter required="true" globbing="false" pipelineInput="false" position="3" aliases="Delta">
        <maml:name>Delta</maml:name>
        <maml:description>
          <maml:para>Specifies the folder where the calculated delta language files will be placed.</maml:para>
          <maml:para>This is an alias of the DeltaPath parameter.</maml:para>
        </maml:description>
        <command:parameterValue required="true">string</command:parameterValue>
        <dev:type>
          <maml:name>System.String</maml:name>
          <maml:uri />
        </dev:type>
      </command:parameter>
      <!-- Parameter: Force -->
      <command:parameter required="false" globbing="false" pipelineInput="false" position="named">
        <maml:name>Force</maml:name>
        <maml:description>
          <maml:para>Forces the command to run without asking for user confirmation to overwrite an existing file at the given path.</maml:para>
        </maml:description>
        <command:parameterValue required="true">SwitchParameter</command:parameterValue>
        <dev:type>
          <maml:name>System.Management.Automation.SwitchParameter</maml:name>
          <maml:uri />
        </dev:type>
        <dev:defaultValue>False</dev:defaultValue>
      </command:parameter>
    </command:parameters>
    <command:inputTypes />
    <command:returnValues />
    <command:examples>
      <command:example>
        <maml:title>----------  EXAMPLE 1  ----------</maml:title>
        <dev:code>Compare-NAVAppApplicationObjectLanguage -OriginalPath /MLORIGINAL -ModifiedPath /MLMODIFIED -DeltaPath /MLDELTA

   Page 70001: Added
   Table 70006: Modified</dev:code>
        <dev:remarks>
          <maml:para>This example compares the language text files in the MLORIGINAL and MLMODIFIED folders, creating the resulting delta language text files in the MLDELTA folder. When the comparison completes, a summary is shown.</maml:para>
        </dev:remarks>
      </command:example>
      <command:example>
        <maml:title>----------  EXAMPLE 2  ----------</maml:title>
        <dev:code>Compare-NAVAppApplicationObjectLanguage -OriginalPath /MLORIGINAL -ModifiedPath /MLMODIFIED -DeltaPath /MLDELTA -Confirm

   Page 70001: Added
   Table 70006: Modified</dev:code>
        <dev:remarks>
          <maml:para>This example compares the language text files in the MLORIGINAL and MLMODIFIED folders, creating the resulting delta language text files in the MLDELTA folder. The -Confirm parameter specifies that the user must confirm the process. When the comparison completes, a summary is shown.</maml:para>
        </dev:remarks>
      </command:example>
      <command:example>
        <maml:title>----------  EXAMPLE 3  ----------</maml:title>
        <dev:code>Compare-NAVAppApplicationObjectLanguage -OriginalPath /MLORIGINAL -ModifiedPath /MLMODIFIED -DeltaPath /MLDELTA -Confirm

   Page 70001: Added
   Table 70006: Modified</dev:code>
        <dev:remarks>
          <maml:para>This example compares the language text files in the MLORIGINAL and MLMODIFIED folders, creating the resulting delta language text files in the MLDELTA folder. The -Force parameter specifies that an existing file in the delta folder with the same name will be overwritten without prompting the user. When the comparison completes, a summary is shown.</maml:para>
        </dev:remarks>
      </command:example>
      <command:example>
        <maml:title>----------  EXAMPLE 4  ----------</maml:title>
        <dev:code>Compare-NAVAppApplicationObjectLanguage -OriginalPath /MLORIGINAL -ModifiedPath /MLMODIFIED -DeltaPath /MLDELTA -PassThru

   Page 70001: Added
   Table 70006: Modified</dev:code>
        <dev:remarks>
          <maml:para>This example compares the language text files in the MLORIGINAL and MLMODIFIED folders, creating the resulting delta language text files in the MLDELTA folder. The -PassThru parameter returns a FileInfo object for each delta language file that is created by the comparison. When the comparison completes, a summary is shown.</maml:para>
        </dev:remarks>
      </command:example>
    </command:examples>
    <maml:relatedLinks>
      <maml:navigationLink>
        <maml:linkText>Online Version:</maml:linkText>
        <maml:uri>https://go.microsoft.com/fwlink?linkid=398882</maml:uri>
      </maml:navigationLink>
      <maml:navigationLink>
        <maml:linkText>New-NAVAppPackage</maml:linkText>
        <maml:uri>https://go.microsoft.com/fwlink/?linkid=616078</maml:uri>
      </maml:navigationLink>
    </maml:relatedLinks>
  </command:command>
  <!-- Cmdlet: Export-NAVAppPermissionSet -->
  <command:command xmlns:maml="http://schemas.microsoft.com/maml/2004/10" xmlns:command="http://schemas.microsoft.com/maml/dev/command/2004/10" xmlns:dev="http://schemas.microsoft.com/maml/dev/2004/10">
    <command:details>
      <command:name>Export-NAVAppPermissionSet</command:name>
      <command:verb>Export</command:verb>
      <command:noun>NAVAppPermissionSet</command:noun>
      <maml:description>
        <maml:para>Exports the specified permission set(s) from a Business Central database to a file.</maml:para>
      </maml:description>
    </command:details>
    <maml:description>
      <maml:para>Use the Export-NAVAppPermissionSet cmdlet to export a permission set (or multiple permission sets) from a Business Central database to a file.</maml:para>
    </maml:description>
    <command:syntax>
      <!-- Parameter set: __AllParameterSets -->
      <command:syntaxItem>
        <maml:name>Export-NAVAppPermissionSet</maml:name>
        <!-- Parameter: ServerInstance -->
        <command:parameter required="true" globbing="false" pipelineInput="true (ByValue, ByPropertyName)" position="0">
          <maml:name>ServerInstance</maml:name>
          <maml:description>
            <maml:para>Specifies the Microsoft Dynamics NAV Server instance that the NAV App is published to, such as DynamicsNAV.</maml:para>
          </maml:description>
          <command:parameterValue required="true">string</command:parameterValue>
          <dev:type>
            <maml:name>System.String</maml:name>
            <maml:uri />
          </dev:type>
          <dev:defaultValue></dev:defaultValue>
        </command:parameter>
        <!-- Parameter: Path -->
        <command:parameter required="true" globbing="false" pipelineInput="true (ByPropertyName)" position="named">
          <maml:name>Path</maml:name>
          <maml:description>
            <maml:para>Specifies the path to the Extension Package file that you want to publish to the Microsoft Dynamics NAV Server instance.</maml:para>
          </maml:description>
          <command:parameterValue required="true">string</command:parameterValue>
          <dev:type>
            <maml:name>System.String</maml:name>
            <maml:uri />
          </dev:type>
        </command:parameter>
        <!-- Parameter: PermissionSetId -->
        <command:parameter required="true" globbing="false" pipelineInput="true (ByPropertyName)" position="named">
          <maml:name>PermissionSetId</maml:name>
          <maml:description>
            <maml:para>Specifies the permission set ID(s) that will be exported.</maml:para>
          </maml:description>
          <command:parameterValue required="true">string[]</command:parameterValue>
          <dev:type>
            <maml:name>System.String[]</maml:name>
            <maml:uri />
          </dev:type>
        </command:parameter>
        <!-- Parameter: Force -->
        <command:parameter required="false" globbing="false" pipelineInput="false" position="named">
          <maml:name>Force</maml:name>
          <maml:description>
            <maml:para>Forces the command to run without asking for user confirmation.</maml:para>
          </maml:description>
          <command:parameterValue required="true">SwitchParameter</command:parameterValue>
          <dev:type>
            <maml:name>System.Management.Automation.SwitchParameter</maml:name>
            <maml:uri />
          </dev:type>
          <dev:defaultValue>False</dev:defaultValue>
        </command:parameter>
        <!-- Parameter: PassThru -->
        <command:parameter required="false" globbing="false" pipelineInput="false" position="named">
          <maml:name>PassThru</maml:name>
          <maml:description>
            <maml:para>Returns an Extension object for the published Extension. The Extension object contains the properties of the Extension, such as name, publisher, version.</maml:para>
          </maml:description>
          <command:parameterValue required="true">SwitchParameter</command:parameterValue>
          <dev:type>
            <maml:name>System.Management.Automation.SwitchParameter</maml:name>
            <maml:uri />
          </dev:type>
          <dev:defaultValue>False</dev:defaultValue>
        </command:parameter>
      </command:syntaxItem>
    </command:syntax>
    <command:parameters>
      <!-- Parameter: PermissionSetId -->
      <command:parameter required="true" globbing="false" pipelineInput="true (ByPropertyName)" position="named">
        <maml:name>PermissionSetId</maml:name>
        <maml:description>
          <maml:para>Specifies the permission set ID(s) that will be exported.</maml:para>
        </maml:description>
        <command:parameterValue required="true">string[]</command:parameterValue>
        <dev:type>
          <maml:name>System.String[]</maml:name>
          <maml:uri />
        </dev:type>
      </command:parameter>
      <!-- Parameter: ServerInstance -->
      <command:parameter required="true" globbing="false" pipelineInput="true (ByValue, ByPropertyName)" position="0">
        <maml:name>ServerInstance</maml:name>
        <maml:description>
          <maml:para>Specifies the Microsoft Dynamics NAV Server instance that the NAV App is published to, such as DynamicsNAV.</maml:para>
        </maml:description>
        <command:parameterValue required="true">string</command:parameterValue>
        <dev:type>
          <maml:name>System.String</maml:name>
          <maml:uri />
        </dev:type>
        <dev:defaultValue></dev:defaultValue>
      </command:parameter>
      <!-- Parameter: Path -->
      <command:parameter required="true" globbing="false" pipelineInput="true (ByPropertyName)" position="named">
        <maml:name>Path</maml:name>
        <maml:description>
          <maml:para>Specifies the path to the Extension Package file that you want to publish to the Microsoft Dynamics NAV Server instance.</maml:para>
        </maml:description>
        <command:parameterValue required="true">string</command:parameterValue>
        <dev:type>
          <maml:name>System.String</maml:name>
          <maml:uri />
        </dev:type>
      </command:parameter>
      <!-- Parameter: PassThru -->
      <command:parameter required="false" globbing="false" pipelineInput="false" position="named">
        <maml:name>PassThru</maml:name>
        <maml:description>
          <maml:para>Returns an Extension object for the published Extension. The Extension object contains the properties of the Extension, such as name, publisher, version.</maml:para>
        </maml:description>
        <command:parameterValue required="true">SwitchParameter</command:parameterValue>
        <dev:type>
          <maml:name>System.Management.Automation.SwitchParameter</maml:name>
          <maml:uri />
        </dev:type>
        <dev:defaultValue>False</dev:defaultValue>
      </command:parameter>
      <!-- Parameter: Force -->
      <command:parameter required="false" globbing="false" pipelineInput="false" position="named">
        <maml:name>Force</maml:name>
        <maml:description>
          <maml:para>Forces the command to run without asking for user confirmation.</maml:para>
        </maml:description>
        <command:parameterValue required="true">SwitchParameter</command:parameterValue>
        <dev:type>
          <maml:name>System.Management.Automation.SwitchParameter</maml:name>
          <maml:uri />
        </dev:type>
        <dev:defaultValue>False</dev:defaultValue>
      </command:parameter>
    </command:parameters>
    <command:inputTypes>
      <command:inputType>
        <dev:type>
          <maml:name>System.String[]</maml:name>
          <maml:uri />
        </dev:type>
        <maml:description>
          <maml:para>By property name: PermissionSetId</maml:para>
        </maml:description>
      </command:inputType>
      <command:inputType>
        <dev:type>
          <maml:name>System.String</maml:name>
          <maml:uri />
        </dev:type>
        <maml:description>
          <maml:para>By value and by property name: ServerInstance</maml:para>
        </maml:description>
      </command:inputType>
      <command:inputType>
        <dev:type>
          <maml:name>System.String</maml:name>
          <maml:uri />
        </dev:type>
        <maml:description>
          <maml:para>By property name: Path</maml:para>
        </maml:description>
      </command:inputType>
    </command:inputTypes>
    <command:returnValues />
    <command:examples>
      <command:example>
        <maml:title>----------  EXAMPLE 1  ----------</maml:title>
        <dev:code>Export-NAVAppPermissionSet -ServerInstance BusinessCentral -Path '.\PermissionSet.xml' -PermissionSetId PSA-VIEW</dev:code>
        <dev:remarks>
          <maml:para>This example exports the permission set with the ID "PSA-VIEW" in the database that is used by the BusinessCentral server instance to the PermissionSet.xml file.</maml:para>
        </dev:remarks>
      </command:example>
      <command:example>
        <maml:title>----------  EXAMPLE 2  ----------</maml:title>
        <dev:code>$PermissionSetFile=Export-NAVAppPermissionSet -ServerInstance BusinessCentral -Path '.\PermissionSet.xml' -PermissionSetId PSA-VIEW
-PassThru

   Mode             LastWriteTime            Length Name
   ----             -------------            ------ ----
   -a---            8/5/2017   11:47 AM         450 PermissionSet.xml</dev:code>
        <dev:remarks>
          <maml:para>This example exports the permission set with the ID "PSA-VIEW" in the database that is used by the BusinessCentral server instance to the PermissionSet.xml file, and then returns the location of the file to a variable. The variable could then be used when creating a package. (Example: Get-NAVAppManifest -Path '.\Manifest-Proseware SmartStuff.xml' | New-NAVAppPackage -Path 'C:\Proseware SmartStuff.navx' -SourcePath C:\NavExtensionFiles, $PermissionSetFile</maml:para>
        </dev:remarks>
      </command:example>
    </command:examples>
    <maml:relatedLinks>
      <maml:navigationLink>
        <maml:linkText>Online Version:</maml:linkText>
        <maml:uri>https://go.microsoft.com/fwlink/?linkid=616075</maml:uri>
      </maml:navigationLink>
    </maml:relatedLinks>
  </command:command>
  <!-- Cmdlet: Export-NAVAppReportLayout -->
  <command:command xmlns:maml="http://schemas.microsoft.com/maml/2004/10" xmlns:command="http://schemas.microsoft.com/maml/dev/command/2004/10" xmlns:dev="http://schemas.microsoft.com/maml/dev/2004/10">
    <command:details>
      <command:name>Export-NAVAppReportLayout</command:name>
      <command:verb>Export</command:verb>
      <command:noun>NAVAppReportLayout</command:noun>
      <maml:description>
        <maml:para>Exports the specified custom report layout from a Business Central database to a file.</maml:para>
      </maml:description>
    </command:details>
    <maml:description>
      <maml:para>Use the Export-NAVAppReportLayout cmdlet to export a custom report layout from a Business Central database to a file.</maml:para>
    </maml:description>
    <command:syntax>
      <!-- Parameter set: __AllParameterSets -->
      <command:syntaxItem>
        <maml:name>Export-NAVAppReportLayout</maml:name>
        <!-- Parameter: ServerInstance -->
        <command:parameter required="true" globbing="false" pipelineInput="true (ByValue, ByPropertyName)" position="0">
          <maml:name>ServerInstance</maml:name>
          <maml:description>
            <maml:para>Specifies the Microsoft Dynamics NAV Server instance that the NAV App is published to, such as DynamicsNAV.</maml:para>
          </maml:description>
          <command:parameterValue required="true">string</command:parameterValue>
          <dev:type>
            <maml:name>System.String</maml:name>
            <maml:uri />
          </dev:type>
          <dev:defaultValue></dev:defaultValue>
        </command:parameter>
        <!-- Parameter: LayoutCode -->
        <command:parameter required="true" globbing="false" pipelineInput="true (ByPropertyName)" position="named">
          <maml:name>LayoutCode</maml:name>
          <maml:description>
            <maml:para>Specifies the Code of the report layout that will be exported.</maml:para>
          </maml:description>
          <command:parameterValue required="true">string[]</command:parameterValue>
          <dev:type>
            <maml:name>System.String[]</maml:name>
            <maml:uri />
          </dev:type>
        </command:parameter>
        <!-- Parameter: Path -->
        <command:parameter required="true" globbing="false" pipelineInput="true (ByPropertyName)" position="named">
          <maml:name>Path</maml:name>
          <maml:description>
            <maml:para>Specifies the path to the Extension Package file that you want to publish to the Microsoft Dynamics NAV Server instance.</maml:para>
          </maml:description>
          <command:parameterValue required="true">string</command:parameterValue>
          <dev:type>
            <maml:name>System.String</maml:name>
            <maml:uri />
          </dev:type>
        </command:parameter>
        <!-- Parameter: Force -->
        <command:parameter required="false" globbing="false" pipelineInput="false" position="named">
          <maml:name>Force</maml:name>
          <maml:description>
            <maml:para>Forces the command to run without asking for user confirmation.</maml:para>
          </maml:description>
          <command:parameterValue required="true">SwitchParameter</command:parameterValue>
          <dev:type>
            <maml:name>System.Management.Automation.SwitchParameter</maml:name>
            <maml:uri />
          </dev:type>
          <dev:defaultValue>False</dev:defaultValue>
        </command:parameter>
        <!-- Parameter: PassThru -->
        <command:parameter required="false" globbing="false" pipelineInput="false" position="named">
          <maml:name>PassThru</maml:name>
          <maml:description>
            <maml:para>Returns an Extension object for the published Extension. The Extension object contains the properties of the Extension, such as name, publisher, version.</maml:para>
          </maml:description>
          <command:parameterValue required="true">SwitchParameter</command:parameterValue>
          <dev:type>
            <maml:name>System.Management.Automation.SwitchParameter</maml:name>
            <maml:uri />
          </dev:type>
          <dev:defaultValue>False</dev:defaultValue>
        </command:parameter>
        <!-- Parameter: Tenant -->
        <command:parameter required="false" globbing="false" pipelineInput="true (ByPropertyName)" position="named">
          <maml:name>Tenant</maml:name>
          <maml:description>
            <maml:para>Specifies the tenant from which to export data. If the server instance is configured for single tenant, do not set the parameter.</maml:para>
          </maml:description>
          <command:parameterValue required="true">TenantId</command:parameterValue>
          <dev:type>
            <maml:name>Microsoft.Dynamics.Nav.Types.TenantId</maml:name>
            <maml:uri />
          </dev:type>
        </command:parameter>
      </command:syntaxItem>
    </command:syntax>
    <command:parameters>
      <!-- Parameter: LayoutCode -->
      <command:parameter required="true" globbing="false" pipelineInput="true (ByPropertyName)" position="named">
        <maml:name>LayoutCode</maml:name>
        <maml:description>
          <maml:para>Specifies the Code of the report layout that will be exported.</maml:para>
        </maml:description>
        <command:parameterValue required="true">string[]</command:parameterValue>
        <dev:type>
          <maml:name>System.String[]</maml:name>
          <maml:uri />
        </dev:type>
      </command:parameter>
      <!-- Parameter: Tenant -->
      <command:parameter required="false" globbing="false" pipelineInput="true (ByPropertyName)" position="named">
        <maml:name>Tenant</maml:name>
        <maml:description>
          <maml:para>Specifies the tenant from which to export data. If the server instance is configured for single tenant, do not set the parameter.</maml:para>
        </maml:description>
        <command:parameterValue required="true">TenantId</command:parameterValue>
        <dev:type>
          <maml:name>Microsoft.Dynamics.Nav.Types.TenantId</maml:name>
          <maml:uri />
        </dev:type>
      </command:parameter>
      <!-- Parameter: ServerInstance -->
      <command:parameter required="true" globbing="false" pipelineInput="true (ByValue, ByPropertyName)" position="0">
        <maml:name>ServerInstance</maml:name>
        <maml:description>
          <maml:para>Specifies the Microsoft Dynamics NAV Server instance that the NAV App is published to, such as DynamicsNAV.</maml:para>
        </maml:description>
        <command:parameterValue required="true">string</command:parameterValue>
        <dev:type>
          <maml:name>System.String</maml:name>
          <maml:uri />
        </dev:type>
        <dev:defaultValue></dev:defaultValue>
      </command:parameter>
      <!-- Parameter: Path -->
      <command:parameter required="true" globbing="false" pipelineInput="true (ByPropertyName)" position="named">
        <maml:name>Path</maml:name>
        <maml:description>
          <maml:para>Specifies the path to the Extension Package file that you want to publish to the Microsoft Dynamics NAV Server instance.</maml:para>
        </maml:description>
        <command:parameterValue required="true">string</command:parameterValue>
        <dev:type>
          <maml:name>System.String</maml:name>
          <maml:uri />
        </dev:type>
      </command:parameter>
      <!-- Parameter: PassThru -->
      <command:parameter required="false" globbing="false" pipelineInput="false" position="named">
        <maml:name>PassThru</maml:name>
        <maml:description>
          <maml:para>Returns an Extension object for the published Extension. The Extension object contains the properties of the Extension, such as name, publisher, version.</maml:para>
        </maml:description>
        <command:parameterValue required="true">SwitchParameter</command:parameterValue>
        <dev:type>
          <maml:name>System.Management.Automation.SwitchParameter</maml:name>
          <maml:uri />
        </dev:type>
        <dev:defaultValue>False</dev:defaultValue>
      </command:parameter>
      <!-- Parameter: Force -->
      <command:parameter required="false" globbing="false" pipelineInput="false" position="named">
        <maml:name>Force</maml:name>
        <maml:description>
          <maml:para>Forces the command to run without asking for user confirmation.</maml:para>
        </maml:description>
        <command:parameterValue required="true">SwitchParameter</command:parameterValue>
        <dev:type>
          <maml:name>System.Management.Automation.SwitchParameter</maml:name>
          <maml:uri />
        </dev:type>
        <dev:defaultValue>False</dev:defaultValue>
      </command:parameter>
    </command:parameters>
    <command:inputTypes>
      <command:inputType>
        <dev:type>
          <maml:name>System.String[]</maml:name>
          <maml:uri />
        </dev:type>
        <maml:description>
          <maml:para>By property name: LayoutCode</maml:para>
        </maml:description>
      </command:inputType>
      <command:inputType>
        <dev:type>
          <maml:name>Microsoft.Dynamics.Nav.Types.TenantId</maml:name>
          <maml:uri />
        </dev:type>
        <maml:description>
          <maml:para>By property name: Tenant</maml:para>
        </maml:description>
      </command:inputType>
      <command:inputType>
        <dev:type>
          <maml:name>System.String</maml:name>
          <maml:uri />
        </dev:type>
        <maml:description>
          <maml:para>By value and by property name: ServerInstance</maml:para>
        </maml:description>
      </command:inputType>
      <command:inputType>
        <dev:type>
          <maml:name>System.String</maml:name>
          <maml:uri />
        </dev:type>
        <maml:description>
          <maml:para>By property name: Path</maml:para>
        </maml:description>
      </command:inputType>
    </command:inputTypes>
    <command:returnValues />
    <command:examples>
      <command:example>
        <maml:title>----------  EXAMPLE 1  ----------</maml:title>
        <dev:code>Export-NAVAppReportLayout -ServerInstance BusinessCentral -Path .\ReportLayout.layoutdata -LayoutId MS-1016-DEFAULT</dev:code>
        <dev:remarks>
          <maml:para>This example exports the report layout with the code 'MS-1016-DEFAULT' in the database that is used by the BusinessCentral server instance to the ReportLayout.layoutdata file.</maml:para>
        </dev:remarks>
      </command:example>
      <command:example>
        <maml:title>----------  EXAMPLE 2  ----------</maml:title>
        <dev:code>Export-NAVAppReportLayout -ServerInstance BusinessCentral -Path .\ReportLayout.layoutdata -LayoutId MS-1016-DEFAULT -PassThru

   Mode             LastWriteTime            Length Name
   ----             -------------            ------ ----
   -a---            11/25/2017   11:47 AM       450 ReportLayout.xml</dev:code>
        <dev:remarks>
          <maml:para>This example exports the report layout with the code 'MS-1016-DEFAULT' in the database that is used by the BusinessCentral server instance to the ReportLayout.layoutdata file, then returns the location of the file.</maml:para>
        </dev:remarks>
      </command:example>
    </command:examples>
    <maml:relatedLinks>
      <maml:navigationLink>
        <maml:linkText>Online Version:</maml:linkText>
        <maml:uri>https://go.microsoft.com/fwlink/?linkid=717749</maml:uri>
      </maml:navigationLink>
    </maml:relatedLinks>
  </command:command>
  <!-- Cmdlet: Export-NAVAppTableData -->
  <command:command xmlns:maml="http://schemas.microsoft.com/maml/2004/10" xmlns:command="http://schemas.microsoft.com/maml/dev/command/2004/10" xmlns:dev="http://schemas.microsoft.com/maml/dev/2004/10">
    <command:details>
      <command:name>Export-NAVAppTableData</command:name>
      <command:verb>Export</command:verb>
      <command:noun>NAVAppTableData</command:noun>
      <maml:description>
        <maml:para>Exports data from a Business Central database table to file.</maml:para>
      </maml:description>
    </command:details>
    <maml:description>
      <maml:para>Use the Export-NAVAppTableData cmdlet to export table data from a Business Central database to a file. The data must be for a new non-company table created as part of the extension package to which the exported file will be included.</maml:para>
    </maml:description>
    <command:syntax>
      <!-- Parameter set: __AllParameterSets -->
      <command:syntaxItem>
        <maml:name>Export-NAVAppTableData</maml:name>
        <!-- Parameter: ServerInstance -->
        <command:parameter required="true" globbing="false" pipelineInput="true (ByValue, ByPropertyName)" position="0">
          <maml:name>ServerInstance</maml:name>
          <maml:description>
            <maml:para>Specifies the Business Central Server instance that the NAV App is published to, such as BusinessCentral.</maml:para>
          </maml:description>
          <command:parameterValue required="true">string</command:parameterValue>
          <dev:type>
            <maml:name>System.String</maml:name>
            <maml:uri />
          </dev:type>
          <dev:defaultValue></dev:defaultValue>
        </command:parameter>
        <!-- Parameter: Path -->
        <command:parameter required="true" globbing="false" pipelineInput="true (ByPropertyName)" position="named">
          <maml:name>Path</maml:name>
          <maml:description>
            <maml:para>Specifies the path to the folder where the export file should be written. A data file with a name of TAB&lt;TABLEID&gt;.navxdata will be created. (Example: TAB10000.navxdata)</maml:para>
          </maml:description>
          <command:parameterValue required="true">string</command:parameterValue>
          <dev:type>
            <maml:name>System.String</maml:name>
            <maml:uri />
          </dev:type>
        </command:parameter>
        <!-- Parameter: TableId -->
        <command:parameter required="true" globbing="false" pipelineInput="true (ByPropertyName)" position="named">
          <maml:name>TableId</maml:name>
          <maml:description>
            <maml:para>Specifies the table ID to export. The ID must be for a new non-company table created as part of the extension.</maml:para>
          </maml:description>
          <command:parameterValue required="true">int</command:parameterValue>
          <dev:type>
            <maml:name>System.Int32</maml:name>
            <maml:uri />
          </dev:type>
          <dev:defaultValue>0</dev:defaultValue>
        </command:parameter>
        <!-- Parameter: Force -->
        <command:parameter required="false" globbing="false" pipelineInput="false" position="named">
          <maml:name>Force</maml:name>
          <maml:description>
            <maml:para>Forces the command to run without asking for user confirmation.</maml:para>
          </maml:description>
          <command:parameterValue required="true">SwitchParameter</command:parameterValue>
          <dev:type>
            <maml:name>System.Management.Automation.SwitchParameter</maml:name>
            <maml:uri />
          </dev:type>
          <dev:defaultValue>False</dev:defaultValue>
        </command:parameter>
        <!-- Parameter: Tenant -->
        <command:parameter required="false" globbing="false" pipelineInput="true (ByPropertyName)" position="named" aliases="Id">
          <maml:name>Tenant</maml:name>
          <maml:description>
            <maml:para>Specifies the tenant from which to export data. If the server instance is configured for single tenant, do not set the parameter.</maml:para>
          </maml:description>
          <command:parameterValue required="true">TenantId</command:parameterValue>
          <dev:type>
            <maml:name>Microsoft.Dynamics.Nav.Types.TenantId</maml:name>
            <maml:uri />
          </dev:type>
        </command:parameter>
      </command:syntaxItem>
    </command:syntax>
    <command:parameters>
      <!-- Parameter: ServerInstance -->
      <command:parameter required="true" globbing="false" pipelineInput="true (ByValue, ByPropertyName)" position="0">
        <maml:name>ServerInstance</maml:name>
        <maml:description>
          <maml:para>Specifies the Business Central Server instance that the NAV App is published to, such as BusinessCentral.</maml:para>
        </maml:description>
        <command:parameterValue required="true">string</command:parameterValue>
        <dev:type>
          <maml:name>System.String</maml:name>
          <maml:uri />
        </dev:type>
        <dev:defaultValue></dev:defaultValue>
      </command:parameter>
      <!-- Parameter: Tenant -->
      <command:parameter required="false" globbing="false" pipelineInput="true (ByPropertyName)" position="named" aliases="Id">
        <maml:name>Tenant</maml:name>
        <maml:description>
          <maml:para>Specifies the tenant from which to export data. If the server instance is configured for single tenant, do not set the parameter.</maml:para>
        </maml:description>
        <command:parameterValue required="true">TenantId</command:parameterValue>
        <dev:type>
          <maml:name>Microsoft.Dynamics.Nav.Types.TenantId</maml:name>
          <maml:uri />
        </dev:type>
      </command:parameter>
      <command:parameter required="false" globbing="false" pipelineInput="true (ByPropertyName)" position="named" aliases="Id">
        <maml:name>Id</maml:name>
        <maml:description>
          <maml:para>Specifies the tenant from which to export data. If the server instance is configured for single tenant, do not set the parameter.</maml:para>
          <maml:para>This is an alias of the Tenant parameter.</maml:para>
        </maml:description>
        <command:parameterValue required="true">TenantId</command:parameterValue>
        <dev:type>
          <maml:name>Microsoft.Dynamics.Nav.Types.TenantId</maml:name>
          <maml:uri />
        </dev:type>
      </command:parameter>
      <!-- Parameter: Path -->
      <command:parameter required="true" globbing="false" pipelineInput="true (ByPropertyName)" position="named">
        <maml:name>Path</maml:name>
        <maml:description>
          <maml:para>Specifies the path to the folder where the export file should be written. A data file with a name of TAB&lt;TABLEID&gt;.navxdata will be created. (Example: TAB10000.navxdata)</maml:para>
        </maml:description>
        <command:parameterValue required="true">string</command:parameterValue>
        <dev:type>
          <maml:name>System.String</maml:name>
          <maml:uri />
        </dev:type>
      </command:parameter>
      <!-- Parameter: TableId -->
      <command:parameter required="true" globbing="false" pipelineInput="true (ByPropertyName)" position="named">
        <maml:name>TableId</maml:name>
        <maml:description>
          <maml:para>Specifies the table ID to export. The ID must be for a new non-company table created as part of the extension.</maml:para>
        </maml:description>
        <command:parameterValue required="true">int</command:parameterValue>
        <dev:type>
          <maml:name>System.Int32</maml:name>
          <maml:uri />
        </dev:type>
        <dev:defaultValue>0</dev:defaultValue>
      </command:parameter>
      <!-- Parameter: Force -->
      <command:parameter required="false" globbing="false" pipelineInput="false" position="named">
        <maml:name>Force</maml:name>
        <maml:description>
          <maml:para>Forces the command to run without asking for user confirmation.</maml:para>
        </maml:description>
        <command:parameterValue required="true">SwitchParameter</command:parameterValue>
        <dev:type>
          <maml:name>System.Management.Automation.SwitchParameter</maml:name>
          <maml:uri />
        </dev:type>
        <dev:defaultValue>False</dev:defaultValue>
      </command:parameter>
    </command:parameters>
    <command:inputTypes>
      <command:inputType>
        <dev:type>
          <maml:name>System.String</maml:name>
          <maml:uri />
        </dev:type>
        <maml:description>
          <maml:para>By value and by property name: ServerInstance</maml:para>
        </maml:description>
      </command:inputType>
      <command:inputType>
        <dev:type>
          <maml:name>Microsoft.Dynamics.Nav.Types.TenantId</maml:name>
          <maml:uri />
        </dev:type>
        <maml:description>
          <maml:para>By property name: Tenant</maml:para>
        </maml:description>
      </command:inputType>
      <command:inputType>
        <dev:type>
          <maml:name>System.String</maml:name>
          <maml:uri />
        </dev:type>
        <maml:description>
          <maml:para>By property name: Path</maml:para>
        </maml:description>
      </command:inputType>
      <command:inputType>
        <dev:type>
          <maml:name>System.Int32</maml:name>
          <maml:uri />
        </dev:type>
        <maml:description>
          <maml:para>By property name: TableId</maml:para>
        </maml:description>
      </command:inputType>
    </command:inputTypes>
    <command:returnValues />
    <command:examples>
      <command:example>
        <maml:title>----------  EXAMPLE 1  ----------</maml:title>
        <dev:code>Export-NAVAppTableData -ServerInstance BusinessCentral -Path '.\' -TableId 10000</dev:code>
        <dev:remarks>
          <maml:para>This example exports the data from the table with the ID 10000 in the default tenant database for server instance BusinessCentral to a TAB10000.navxdata file in the current folder.</maml:para>
        </dev:remarks>
      </command:example>
    </command:examples>
    <maml:relatedLinks>
      <maml:navigationLink>
        <maml:linkText>Online Version:</maml:linkText>
        <maml:uri>https://go.microsoft.com/fwlink/?linkid=708721</maml:uri>
      </maml:navigationLink>
    </maml:relatedLinks>
  </command:command>
  <!-- Cmdlet: Export-NAVAppTenantWebService -->
  <command:command xmlns:maml="http://schemas.microsoft.com/maml/2004/10" xmlns:command="http://schemas.microsoft.com/maml/dev/command/2004/10" xmlns:dev="http://schemas.microsoft.com/maml/dev/2004/10">
    <command:details>
      <command:name>Export-NAVAppTenantWebService</command:name>
      <command:verb>Export</command:verb>
      <command:noun>NAVAppTenantWebService</command:noun>
      <maml:description>
        <maml:para>Exports the specified web service from a Business Central database to a file.</maml:para>
      </maml:description>
    </command:details>
    <maml:description>
      <maml:para>Use the Export-NAVAppTenantWebService cmdlet to export a web service from a Business Central database to a file.</maml:para>
    </maml:description>
    <command:syntax>
      <!-- Parameter set: __AllParameterSets -->
      <command:syntaxItem>
        <maml:name>Export-NAVAppTenantWebService</maml:name>
        <!-- Parameter: ServerInstance -->
        <command:parameter required="true" globbing="false" pipelineInput="true (ByValue, ByPropertyName)" position="0">
          <maml:name>ServerInstance</maml:name>
          <maml:description>
            <maml:para>Specifies the Microsoft Dynamics NAV Server instance that the NAV App is published to, such as DynamicsNAV.</maml:para>
          </maml:description>
          <command:parameterValue required="true">string</command:parameterValue>
          <dev:type>
            <maml:name>System.String</maml:name>
            <maml:uri />
          </dev:type>
          <dev:defaultValue></dev:defaultValue>
        </command:parameter>
        <!-- Parameter: ObjectId -->
        <command:parameter required="true" globbing="false" pipelineInput="true (ByPropertyName)" position="named">
          <maml:name>ObjectId</maml:name>
          <maml:description>
            <maml:para>Specifies the object ID of the web service that will be exported.</maml:para>
          </maml:description>
          <command:parameterValue required="true">int</command:parameterValue>
          <dev:type>
            <maml:name>System.Int32</maml:name>
            <maml:uri />
          </dev:type>
          <dev:defaultValue>0</dev:defaultValue>
        </command:parameter>
        <!-- Parameter: ObjectType -->
        <command:parameter required="true" globbing="false" pipelineInput="true (ByPropertyName)" position="named">
          <maml:name>ObjectType</maml:name>
          <maml:description>
            <maml:para>Specifies the object type of the web service that will be exported.</maml:para>
          </maml:description>
          <command:parameterValue required="true">string</command:parameterValue>
          <dev:type>
            <maml:name>System.String</maml:name>
            <maml:uri />
          </dev:type>
        </command:parameter>
        <!-- Parameter: Path -->
        <command:parameter required="true" globbing="false" pipelineInput="true (ByPropertyName)" position="named">
          <maml:name>Path</maml:name>
          <maml:description>
            <maml:para>Specifies the path to the Extension Package file that you want to publish to the Microsoft Dynamics NAV Server instance.</maml:para>
          </maml:description>
          <command:parameterValue required="true">string</command:parameterValue>
          <dev:type>
            <maml:name>System.String</maml:name>
            <maml:uri />
          </dev:type>
        </command:parameter>
        <!-- Parameter: ServiceName -->
        <command:parameter required="true" globbing="false" pipelineInput="true (ByPropertyName)" position="named">
          <maml:name>ServiceName</maml:name>
          <maml:description>
            <maml:para>Specifies the service name of the web service that will be exported.</maml:para>
          </maml:description>
          <command:parameterValue required="true">string</command:parameterValue>
          <dev:type>
            <maml:name>System.String</maml:name>
            <maml:uri />
          </dev:type>
        </command:parameter>
        <!-- Parameter: Force -->
        <command:parameter required="false" globbing="false" pipelineInput="false" position="named">
          <maml:name>Force</maml:name>
          <maml:description>
            <maml:para>Forces the command to run without asking for user confirmation.</maml:para>
          </maml:description>
          <command:parameterValue required="true">SwitchParameter</command:parameterValue>
          <dev:type>
            <maml:name>System.Management.Automation.SwitchParameter</maml:name>
            <maml:uri />
          </dev:type>
          <dev:defaultValue>False</dev:defaultValue>
        </command:parameter>
        <!-- Parameter: PassThru -->
        <command:parameter required="false" globbing="false" pipelineInput="false" position="named">
          <maml:name>PassThru</maml:name>
          <maml:description>
            <maml:para>Returns an Extension object for the published Extension. The Extension object contains the properties of the Extension, such as name, publisher, version.</maml:para>
          </maml:description>
          <command:parameterValue required="true">SwitchParameter</command:parameterValue>
          <dev:type>
            <maml:name>System.Management.Automation.SwitchParameter</maml:name>
            <maml:uri />
          </dev:type>
          <dev:defaultValue>False</dev:defaultValue>
        </command:parameter>
        <!-- Parameter: Tenant -->
        <command:parameter required="false" globbing="false" pipelineInput="true (ByPropertyName)" position="named" aliases="Id">
          <maml:name>Tenant</maml:name>
          <maml:description>
            <maml:para>Specifies the tenant from which to export data. If the server instance is configured for single tenant, do not set the parameter.</maml:para>
          </maml:description>
          <command:parameterValue required="true">TenantId</command:parameterValue>
          <dev:type>
            <maml:name>Microsoft.Dynamics.Nav.Types.TenantId</maml:name>
            <maml:uri />
          </dev:type>
        </command:parameter>
      </command:syntaxItem>
    </command:syntax>
    <command:parameters>
      <!-- Parameter: ServiceName -->
      <command:parameter required="true" globbing="false" pipelineInput="true (ByPropertyName)" position="named">
        <maml:name>ServiceName</maml:name>
        <maml:description>
          <maml:para>Specifies the service name of the web service that will be exported.</maml:para>
        </maml:description>
        <command:parameterValue required="true">string</command:parameterValue>
        <dev:type>
          <maml:name>System.String</maml:name>
          <maml:uri />
        </dev:type>
      </command:parameter>
      <!-- Parameter: ObjectType -->
      <command:parameter required="true" globbing="false" pipelineInput="true (ByPropertyName)" position="named">
        <maml:name>ObjectType</maml:name>
        <maml:description>
          <maml:para>Specifies the object type of the web service that will be exported.</maml:para>
        </maml:description>
        <command:parameterValue required="true">string</command:parameterValue>
        <dev:type>
          <maml:name>System.String</maml:name>
          <maml:uri />
        </dev:type>
      </command:parameter>
      <!-- Parameter: ObjectId -->
      <command:parameter required="true" globbing="false" pipelineInput="true (ByPropertyName)" position="named">
        <maml:name>ObjectId</maml:name>
        <maml:description>
          <maml:para>Specifies the object ID of the web service that will be exported.</maml:para>
        </maml:description>
        <command:parameterValue required="true">int</command:parameterValue>
        <dev:type>
          <maml:name>System.Int32</maml:name>
          <maml:uri />
        </dev:type>
        <dev:defaultValue>0</dev:defaultValue>
      </command:parameter>
      <!-- Parameter: Tenant -->
      <command:parameter required="false" globbing="false" pipelineInput="true (ByPropertyName)" position="named" aliases="Id">
        <maml:name>Tenant</maml:name>
        <maml:description>
          <maml:para>Specifies the tenant from which to export data. If the server instance is configured for single tenant, do not set the parameter.</maml:para>
        </maml:description>
        <command:parameterValue required="true">TenantId</command:parameterValue>
        <dev:type>
          <maml:name>Microsoft.Dynamics.Nav.Types.TenantId</maml:name>
          <maml:uri />
        </dev:type>
      </command:parameter>
      <command:parameter required="false" globbing="false" pipelineInput="true (ByPropertyName)" position="named" aliases="Id">
        <maml:name>Id</maml:name>
        <maml:description>
          <maml:para>Specifies the tenant from which to export data. If the server instance is configured for single tenant, do not set the parameter.</maml:para>
          <maml:para>This is an alias of the Tenant parameter.</maml:para>
        </maml:description>
        <command:parameterValue required="true">TenantId</command:parameterValue>
        <dev:type>
          <maml:name>Microsoft.Dynamics.Nav.Types.TenantId</maml:name>
          <maml:uri />
        </dev:type>
      </command:parameter>
      <!-- Parameter: ServerInstance -->
      <command:parameter required="true" globbing="false" pipelineInput="true (ByValue, ByPropertyName)" position="0">
        <maml:name>ServerInstance</maml:name>
        <maml:description>
          <maml:para>Specifies the Microsoft Dynamics NAV Server instance that the NAV App is published to, such as DynamicsNAV.</maml:para>
        </maml:description>
        <command:parameterValue required="true">string</command:parameterValue>
        <dev:type>
          <maml:name>System.String</maml:name>
          <maml:uri />
        </dev:type>
        <dev:defaultValue></dev:defaultValue>
      </command:parameter>
      <!-- Parameter: Path -->
      <command:parameter required="true" globbing="false" pipelineInput="true (ByPropertyName)" position="named">
        <maml:name>Path</maml:name>
        <maml:description>
          <maml:para>Specifies the path to the Extension Package file that you want to publish to the Microsoft Dynamics NAV Server instance.</maml:para>
        </maml:description>
        <command:parameterValue required="true">string</command:parameterValue>
        <dev:type>
          <maml:name>System.String</maml:name>
          <maml:uri />
        </dev:type>
      </command:parameter>
      <!-- Parameter: PassThru -->
      <command:parameter required="false" globbing="false" pipelineInput="false" position="named">
        <maml:name>PassThru</maml:name>
        <maml:description>
          <maml:para>Returns an Extension object for the published Extension. The Extension object contains the properties of the Extension, such as name, publisher, version.</maml:para>
        </maml:description>
        <command:parameterValue required="true">SwitchParameter</command:parameterValue>
        <dev:type>
          <maml:name>System.Management.Automation.SwitchParameter</maml:name>
          <maml:uri />
        </dev:type>
        <dev:defaultValue>False</dev:defaultValue>
      </command:parameter>
      <!-- Parameter: Force -->
      <command:parameter required="false" globbing="false" pipelineInput="false" position="named">
        <maml:name>Force</maml:name>
        <maml:description>
          <maml:para>Forces the command to run without asking for user confirmation.</maml:para>
        </maml:description>
        <command:parameterValue required="true">SwitchParameter</command:parameterValue>
        <dev:type>
          <maml:name>System.Management.Automation.SwitchParameter</maml:name>
          <maml:uri />
        </dev:type>
        <dev:defaultValue>False</dev:defaultValue>
      </command:parameter>
    </command:parameters>
    <command:inputTypes>
      <command:inputType>
        <dev:type>
          <maml:name>System.String</maml:name>
          <maml:uri />
        </dev:type>
        <maml:description>
          <maml:para>By property name: ServiceName</maml:para>
        </maml:description>
      </command:inputType>
      <command:inputType>
        <dev:type>
          <maml:name>System.String</maml:name>
          <maml:uri />
        </dev:type>
        <maml:description>
          <maml:para>By property name: ObjectType</maml:para>
        </maml:description>
      </command:inputType>
      <command:inputType>
        <dev:type>
          <maml:name>System.Int32</maml:name>
          <maml:uri />
        </dev:type>
        <maml:description>
          <maml:para>By property name: ObjectId</maml:para>
        </maml:description>
      </command:inputType>
      <command:inputType>
        <dev:type>
          <maml:name>Microsoft.Dynamics.Nav.Types.TenantId</maml:name>
          <maml:uri />
        </dev:type>
        <maml:description>
          <maml:para>By property name: Tenant</maml:para>
        </maml:description>
      </command:inputType>
      <command:inputType>
        <dev:type>
          <maml:name>System.String</maml:name>
          <maml:uri />
        </dev:type>
        <maml:description>
          <maml:para>By value and by property name: ServerInstance</maml:para>
        </maml:description>
      </command:inputType>
      <command:inputType>
        <dev:type>
          <maml:name>System.String</maml:name>
          <maml:uri />
        </dev:type>
        <maml:description>
          <maml:para>By property name: Path</maml:para>
        </maml:description>
      </command:inputType>
    </command:inputTypes>
    <command:returnValues />
    <command:examples>
      <command:example>
        <maml:title>----------  EXAMPLE 1  ----------</maml:title>
        <dev:code>Export-NAVAppTenantWebService -ServerInstance BusinessCentral -Path .\TenantWebService.xml -ServiceName Customer -ObjectType Page
-ObjectId 21</dev:code>
        <dev:remarks>
          <maml:para>This example exports the web service with the name "Customer" on the Page 21 object in the database that is used by the BusinessCentral server instance to the TenantWebService.xml file.</maml:para>
        </dev:remarks>
      </command:example>
      <command:example>
        <maml:title>----------  EXAMPLE 2  ----------</maml:title>
        <dev:code>Export-NAVAppTenantWebService -ServerInstance BusinessCentral -Path .\TenantWebService.xml -ServiceName Customer -ObjectType Page
-ObjectId 21 -PassThru

   Mode             LastWriteTime            Length Name
   ----             -------------            ------ ----
   -a---            11/25/2017   11:47 AM       450 TenantWebService.xml</dev:code>
        <dev:remarks>
          <maml:para>This example exports the web service with the name "Customer" on the Page 21 object in the database that is used by the BusinessCentral server instance to the TenantWebService.xml file, then returns the location of the file.</maml:para>
        </dev:remarks>
      </command:example>
    </command:examples>
    <maml:relatedLinks>
      <maml:navigationLink>
        <maml:linkText>Online Version:</maml:linkText>
        <maml:uri>https://go.microsoft.com/fwlink/?linkid=715641</maml:uri>
      </maml:navigationLink>
    </maml:relatedLinks>
  </command:command>
</helpItems>